<?xml version="1.0" encoding="UTF-8"?>
<project-private xmlns="http://www.netbeans.org/ns/project-private/1">
    <editor-bookmarks xmlns="http://www.netbeans.org/ns/editor-bookmarks/2" lastBookmarkId="0"/>
    <open-files xmlns="http://www.netbeans.org/ns/projectui-open-files/2">
        <group>
            <file>file:/D:/SCHOOL/SPRING2021/CSC-289-0B01-Programming%20Capstone%20Project/MODULE%202/M2R3/CODING/10FEB21/VERSION_2/LoginPage/web/save.jsp</file>
            <file>file:/D:/SCHOOL/SPRING2021/CSC-289-0B01-Programming%20Capstone%20Project/MODULE%202/M2R3/CODING/10FEB21/VERSION_2/LoginPage/web/indexUserLogin.jsp</file>
            <file>file:/D:/SCHOOL/SPRING2021/CSC-289-0B01-Programming%20Capstone%20Project/MODULE%202/M2R3/CODING/10FEB21/VERSION_2/LoginPage/web/indexUserRegistrationAction.jsp</file>
            <file>file:/D:/SCHOOL/SPRING2021/CSC-289-0B01-Programming%20Capstone%20Project/MODULE%202/M2R3/CODING/10FEB21/VERSION_2/LoginPage/web/viewImage.jsp</file>
            <file>file:/D:/SCHOOL/SPRING2021/CSC-289-0B01-Programming%20Capstone%20Project/MODULE%202/M2R3/CODING/10FEB21/VERSION_2/LoginPage/web/index.jsp</file>
            <file>file:/D:/SCHOOL/SPRING2021/CSC-289-0B01-Programming%20Capstone%20Project/MODULE%202/M2R3/CODING/10FEB21/VERSION_2/LoginPage/web/indexUserLoginAction.jsp</file>
            <file>file:/D:/SCHOOL/SPRING2021/CSC-289-0B01-Programming%20Capstone%20Project/MODULE%202/M2R3/CODING/10FEB21/VERSION_2/LoginPage/web/error.jsp</file>
            <file>file:/D:/SCHOOL/SPRING2021/CSC-289-0B01-Programming%20Capstone%20Project/MODULE%202/M2R3/CODING/10FEB21/VERSION_2/LoginPage/web/indexAdminRegistrationAction.jsp</file>
            <file>file:/D:/SCHOOL/SPRING2021/CSC-289-0B01-Programming%20Capstone%20Project/MODULE%202/M2R3/CODING/10FEB21/VERSION_2/LoginPage/web/indexUserRegistration.jsp</file>
            <file>file:/D:/SCHOOL/SPRING2021/CSC-289-0B01-Programming%20Capstone%20Project/MODULE%202/M2R3/CODING/10FEB21/VERSION_2/LoginPage/web/tableAdmin.jsp</file>
            <file>file:/D:/SCHOOL/SPRING2021/CSC-289-0B01-Programming%20Capstone%20Project/MODULE%202/M2R3/CODING/10FEB21/VERSION_2/LoginPage/web/tableUser.jsp</file>
            <file>file:/D:/SCHOOL/SPRING2021/CSC-289-0B01-Programming%20Capstone%20Project/MODULE%202/M2R3/CODING/10FEB21/VERSION_2/LoginPage/web/indexAdminControl.jsp</file>
            <file>file:/D:/SCHOOL/SPRING2021/CSC-289-0B01-Programming%20Capstone%20Project/MODULE%202/M2R3/CODING/10FEB21/VERSION_2/LoginPage/web/indexAdminLoginAction.jsp</file>
            <file>file:/D:/SCHOOL/SPRING2021/CSC-289-0B01-Programming%20Capstone%20Project/MODULE%202/M2R3/CODING/10FEB21/VERSION_2/LoginPage/web/profile.jsp</file>
            <file>file:/D:/SCHOOL/SPRING2021/CSC-289-0B01-Programming%20Capstone%20Project/MODULE%202/M2R3/CODING/10FEB21/VERSION_2/LoginPage/web/workTable.jsp</file>
            <file>file:/D:/SCHOOL/SPRING2021/CSC-289-0B01-Programming%20Capstone%20Project/MODULE%202/M2R3/CODING/10FEB21/VERSION_2/LoginPage/web/indexAdminLogin.jsp</file>
            <file>file:/D:/SCHOOL/SPRING2021/CSC-289-0B01-Programming%20Capstone%20Project/MODULE%202/M2R3/CODING/10FEB21/VERSION_2/LoginPage/web/indexAdminRegistration.jsp</file>
            <file>file:/D:/SCHOOL/SPRING2021/CSC-289-0B01-Programming%20Capstone%20Project/MODULE%202/M2R3/CODING/10FEB21/VERSION_2/LoginPage/web/indexAction.jsp</file>
        </group>
    </open-files>
</project-private>
