<?xml version="1.0" encoding="UTF-8"?>
<project-private xmlns="http://www.netbeans.org/ns/project-private/1">
    <editor-bookmarks xmlns="http://www.netbeans.org/ns/editor-bookmarks/2" lastBookmarkId="0"/>
    <open-files xmlns="http://www.netbeans.org/ns/projectui-open-files/2">
        <group>
            <file>file:/C:/Users/Anthony/Documents/NetBeansProjects/LoginPage/web/indexUserRegistration.jsp</file>
            <file>file:/C:/Users/Anthony/Documents/NetBeansProjects/LoginPage/web/indexAdminControl.jsp</file>
            <file>file:/C:/Users/Anthony/Documents/NetBeansProjects/LoginPage/web/indexAdminLoginAction.jsp</file>
            <file>file:/C:/Users/Anthony/Documents/NetBeansProjects/LoginPage/web/indexAdminRegistration.jsp</file>
            <file>file:/C:/Users/Anthony/Documents/NetBeansProjects/LoginPage/web/indexUserLogin.jsp</file>
            <file>file:/C:/Users/Anthony/Documents/NetBeansProjects/LoginPage/web/indexAdminLogin.jsp</file>
            <file>file:/C:/Users/Anthony/Documents/NetBeansProjects/LoginPage/web/assetsJSP/css/adminLoginStyleSheet.css</file>
            <file>file:/C:/Users/Anthony/Documents/NetBeansProjects/LoginPage/web/assets/bootstrap/css/bootstrap.min.css</file>
            <file>file:/C:/Users/Anthony/Documents/NetBeansProjects/LoginPage/web/indexAdminControl.html</file>
        </group>
    </open-files>
</project-private>
