<?xml version="1.0" encoding="UTF-8"?>
<project-private xmlns="http://www.netbeans.org/ns/project-private/1">
    <editor-bookmarks xmlns="http://www.netbeans.org/ns/editor-bookmarks/2" lastBookmarkId="0"/>
    <open-files xmlns="http://www.netbeans.org/ns/projectui-open-files/2">
        <group>
            <file>file:/D:/SCHOOL/SPRING2021/CSC-289-0B01-Programming%20Capstone%20Project/MODULE%202/M2R4/CODING/16FEB21/VERSION_1/LoginPage/web/indexAdminRegistration.jsp</file>
            <file>file:/D:/SCHOOL/SPRING2021/CSC-289-0B01-Programming%20Capstone%20Project/MODULE%202/M2R4/CODING/16FEB21/VERSION_1/LoginPage/web/indexAdminRegistrationAction.jsp</file>
            <file>file:/D:/SCHOOL/SPRING2021/CSC-289-0B01-Programming%20Capstone%20Project/MODULE%202/M2R4/CODING/16FEB21/VERSION_1/LoginPage/web/workTable.jsp</file>
            <file>file:/D:/SCHOOL/SPRING2021/CSC-289-0B01-Programming%20Capstone%20Project/MODULE%202/M2R4/CODING/16FEB21/VERSION_1/LoginPage/web/save.jsp</file>
            <file>file:/D:/SCHOOL/SPRING2021/CSC-289-0B01-Programming%20Capstone%20Project/MODULE%202/M2R4/CODING/16FEB21/VERSION_1/LoginPage/web/indexUserRegistration.jsp</file>
            <file>file:/D:/SCHOOL/SPRING2021/CSC-289-0B01-Programming%20Capstone%20Project/MODULE%202/M2R4/CODING/16FEB21/VERSION_1/LoginPage/web/tableUser.jsp</file>
            <file>file:/D:/SCHOOL/SPRING2021/CSC-289-0B01-Programming%20Capstone%20Project/MODULE%202/M2R4/CODING/16FEB21/VERSION_1/LoginPage/web/indexUserRegistrationAction.jsp</file>
            <file>file:/D:/SCHOOL/SPRING2021/CSC-289-0B01-Programming%20Capstone%20Project/MODULE%202/M2R4/CODING/16FEB21/VERSION_1/LoginPage/web/index.jsp</file>
        </group>
    </open-files>
</project-private>
