<?xml version="1.0" encoding="UTF-8"?>
<project-private xmlns="http://www.netbeans.org/ns/project-private/1">
    <editor-bookmarks xmlns="http://www.netbeans.org/ns/editor-bookmarks/2" lastBookmarkId="0"/>
    <open-files xmlns="http://www.netbeans.org/ns/projectui-open-files/2">
        <group>
            <file>file:/D:/SCHOOL/SPRING2021/CSC-289-0B01-Programming%20Capstone%20Project/MODULE%202/WebApp/05FEB21/Attends_KingJon/web/index.jsp</file>
            <file>file:/D:/SCHOOL/SPRING2021/CSC-289-0B01-Programming%20Capstone%20Project/MODULE%202/WebApp/05FEB21/Attends_KingJon/web/connection.jsp</file>
            <file>file:/D:/SCHOOL/SPRING2021/CSC-289-0B01-Programming%20Capstone%20Project/MODULE%202/WebApp/05FEB21/Attends_KingJon/web/forgot.html</file>
            <file>file:/D:/SCHOOL/SPRING2021/CSC-289-0B01-Programming%20Capstone%20Project/MODULE%202/WebApp/05FEB21/Attends_KingJon/web/register.jsp</file>
        </group>
    </open-files>
</project-private>
